,kmeans_inter,kmeans_num,proportion
6,don think view change life time edit make believe way ,6,0.29001203369434414
2,money work school time don job day think feel college ,2,0.1371841155234657
14,black white racism culture race believe ideas cultural think issues ,14,0.06498194945848375
13,film funny think movie characters movies joke audience fucking don ,13,0.06377858002406739
7,government law religion right human religious rights freedom citizens war ,7,0.06257521058965103
3,reddit posts meat dog downvote comments dogs eat animals post ,3,0.056558363417569195
10,men women woman man gender male female physical edit sports ,10,0.05174488567990373
5,child children abortion parents woman kid fetus life edit think ,5,0.0457280385078219
1,rape police crime crimes victims think assault victim innocent person ,1,0.0421179302045728
4,power word words use understand earth using worst meaning literally ,4,0.0421179302045728
8,vote party voting election parties votes candidates voters elections political ,8,0.03489771359807461
9,trump hillary sanders bernie clinton president candidate party support vote ,9,0.03369434416365824
12,sex community gender gay sexual don believe attracted different feel ,12,0.02888086642599278
11,drink alcohol drinking drunk smoking age drug second adults kids ,11,0.026474127557160047
0,god religious bible christian belief believe religion knowledge ve major ,0,0.019253910950661854
